,t,x1,y1,x2,y2,x3,y3,x4,y4,x5,y5,x6,y6,x7,y7,x8,y8
0,0,237,150,299,103,262,150,272,103,307,209,395,97,304,87,181,185
1,1,237,149,299,103,262,150,272,103,307,209,394,96,304,86,181,185
2,2,237,149,299,103,262,150,272,103,307,209,394,96,305,86,181,185
3,3,237,150,300,103,263,151,272,103,308,210,394,96,305,86,182,185
4,4,237,150,300,103,263,151,272,104,308,210,393,96,305,86,181,185
5,5,237,151,300,104,263,152,272,104,309,211,393,97,305,87,181,185
6,6,237,151,300,104,263,152,272,104,309,211,393,97,305,87,181,185
7,7,237,152,300,105,264,153,273,105,310,212,393,97,305,88,182,185
8,8,237,153,300,106,263,154,272,106,310,213,392,98,305,88,181,186
9,9,237,153,301,105,264,154,273,105,311,213,392,98,306,88,181,185
10,10,238,153,302,105,265,154,273,105,312,212,392,97,307,88,182,185
11,11,238,154,302,106,264,155,274,106,313,213,392,98,307,88,181,185
12,12,239,154,303,106,266,155,274,105,314,213,393,97,308,88,182,185
13,13,239,154,303,106,266,155,274,106,314,213,392,97,308,88,182,185
14,14,239,155,303,106,265,156,275,106,314,213,392,98,308,88,181,186
15,15,240,155,303,106,266,156,275,106,316,214,392,98,308,88,182,186
16,16,241,155,305,106,267,156,276,106,317,213,392,98,309,88,182,186
17,17,240,155,304,106,266,156,276,106,317,214,391,97,309,88,181,186
18,18,240,156,304,106,267,156,276,106,318,214,391,98,309,88,181,185
19,19,241,156,305,106,268,157,277,106,319,214,391,98,310,88,182,185
20,20,241,156,306,107,268,157,277,107,320,214,392,98,310,88,182,185
21,21,241,156,306,107,268,157,278,106,321,214,391,97,310,88,182,184
22,22,241,156,306,107,268,157,277,106,321,214,391,98,310,88,181,184
23,23,241,157,306,107,268,159,277,107,321,215,390,99,310,89,181,185
24,24,241,158,306,108,268,159,277,108,322,215,390,99,310,89,181,185
25,25,241,158,307,107,269,159,278,107,323,215,390,98,311,89,181,184
26,26,241,158,306,107,269,159,278,107,323,215,390,98,311,89,181,184
27,27,242,159,307,107,270,159,278,108,325,216,390,98,311,89,181,185
28,28,242,160,308,108,270,160,279,108,326,216,390,99,312,90,182,185
29,29,242,159,308,108,270,160,279,108,327,216,390,98,312,89,181,185
30,30,242,160,308,108,270,161,279,108,327,216,389,98,312,89,181,185
31,31,243,161,308,109,270,162,279,109,328,217,389,99,312,90,181,186
32,32,243,161,309,109,271,162,280,109,329,217,389,99,313,90,182,185
33,33,243,161,309,109,271,162,280,109,329,217,389,99,313,90,182,185
34,34,243,161,309,108,271,162,280,108,330,217,388,98,313,90,181,185
35,35,243,162,309,109,271,163,280,109,330,217,388,99,313,90,181,185
36,36,243,162,310,109,271,163,281,109,332,217,388,99,313,90,182,185
37,37,243,162,310,109,271,163,280,109,332,217,388,99,313,90,181,184
38,38,243,163,310,109,271,163,280,109,333,218,387,99,313,90,181,184
39,39,243,163,310,109,272,164,281,109,334,218,387,99,313,90,181,184
40,40,244,163,310,109,272,164,281,109,335,218,387,99,313,90,181,184
41,41,244,164,310,110,272,165,281,110,336,218,387,100,313,90,181,184
42,42,245,164,312,110,273,165,282,110,337,218,388,100,314,91,182,184
43,43,245,165,311,111,273,165,282,110,337,219,387,100,314,91,182,184
44,44,244,165,311,111,272,166,282,111,338,219,386,100,314,91,181,185
45,45,244,165,311,111,273,167,282,111,339,219,386,101,313,91,181,185
46,46,245,166,312,112,273,167,282,111,340,220,386,101,314,92,181,185
47,47,245,166,311,112,273,168,282,112,340,220,385,101,314,92,180,186
48,48,245,167,312,112,274,168,282,112,341,220,385,101,314,92,181,186
49,49,244,167,312,112,274,168,282,112,341,220,385,101,313,92,180,186
50,50,243,168,311,113,273,169,281,112,340,221,384,101,313,93,179,186
51,51,244,168,312,113,273,169,282,113,342,221,384,102,313,93,179,186
52,52,244,169,312,113,274,170,282,113,343,221,384,102,313,93,179,186
53,53,244,170,312,114,274,170,282,114,343,222,383,102,313,94,179,186
54,54,244,170,312,114,274,171,282,114,343,222,383,103,313,94,179,186
55,55,244,171,313,115,274,171,283,114,344,222,383,103,314,94,179,186
56,56,245,172,313,115,275,172,283,115,345,223,383,104,314,95,179,187
57,57,245,172,313,115,275,173,283,115,346,223,383,104,314,95,179,187
58,58,245,173,313,116,275,174,283,116,346,224,382,105,314,96,179,187
59,59,246,173,314,116,275,174,284,116,347,224,383,105,315,96,179,187
60,60,246,173,314,116,275,174,284,116,347,225,382,105,315,96,179,187
61,61,246,174,315,117,276,174,284,117,349,225,382,105,316,96,179,188
62,62,246,175,315,117,276,175,284,117,349,226,382,105,316,97,179,188
63,63,246,174,315,116,276,174,285,117,350,225,382,104,316,96,180,188
64,64,247,175,316,117,277,176,285,118,350,226,382,105,316,97,180,189
65,65,247,175,316,117,277,176,285,117,351,226,381,105,316,97,180,188
66,66,247,176,317,117,277,176,285,118,352,226,381,105,316,97,180,188
67,67,247,176,317,118,278,177,285,118,353,226,381,105,317,97,180,187
68,68,248,176,317,118,278,177,286,118,354,226,381,105,317,97,180,187
69,69,248,177,317,118,278,178,286,118,354,226,381,106,317,97,180,187
70,70,248,177,318,119,278,178,286,118,355,226,380,106,317,98,180,187
71,71,248,177,318,119,278,178,287,118,355,226,380,106,318,98,180,187
72,72,248,178,318,119,279,179,287,119,356,226,380,106,318,98,180,187
73,73,248,178,319,119,279,179,287,119,357,226,380,106,318,98,180,187
74,74,249,178,319,118,279,179,288,119,358,226,380,106,318,98,180,187
75,75,249,179,319,119,280,180,288,119,359,227,380,106,318,99,180,187
76,76,249,178,319,119,280,179,288,119,360,227,380,106,319,98,180,187
77,77,249,180,320,120,280,180,288,120,360,227,379,107,319,99,180,187
78,78,249,179,320,119,280,180,288,119,361,227,379,106,319,98,179,187
79,79,250,180,320,120,280,181,289,120,362,228,379,107,319,99,179,188
80,80,250,180,321,120,281,181,289,120,363,228,379,106,319,99,179,187
81,81,250,181,321,120,281,181,289,120,364,228,379,107,320,99,179,187
82,82,250,181,321,120,281,182,289,120,364,228,378,107,320,99,178,187
83,83,250,181,322,121,282,182,290,121,366,229,378,108,321,99,179,187
84,84,251,182,322,121,282,182,290,121,367,229,378,108,321,100,179,187
85,85,251,182,322,121,282,183,290,121,367,229,378,108,321,100,178,187
86,86,251,182,322,121,282,183,290,121,368,229,377,108,322,100,178,187
87,87,251,183,323,122,283,183,290,122,369,229,377,108,322,101,178,186
88,88,251,183,323,122,283,183,291,122,371,229,377,108,322,101,178,187
89,89,252,183,323,122,284,184,291,122,372,230,377,108,322,101,178,187
90,90,252,183,324,122,284,184,291,122,373,230,377,109,323,101,178,187
91,91,252,184,324,122,284,185,292,122,374,230,377,109,323,101,178,187
92,92,252,184,324,122,284,184,292,122,375,230,377,109,324,102,178,187
93,93,252,184,325,123,285,185,292,123,376,231,376,109,324,102,178,187
94,94,253,184,325,123,285,185,293,123,377,230,376,109,324,101,178,187
95,95,253,185,325,123,286,186,293,123,378,230,376,109,324,102,179,187
96,96,253,185,325,123,286,186,293,123,379,231,375,110,324,102,179,187
97,97,253,186,326,124,286,187,293,124,380,231,375,110,325,102,179,187
98,98,254,186,326,124,286,187,293,124,381,232,374,110,325,103,179,187
99,99,254,187,326,124,287,187,293,124,383,232,373,111,325,103,178,187
100,100,254,187,326,125,287,188,293,124,383,232,373,111,325,103,178,187
101,101,254,187,326,125,287,188,293,125,385,232,373,111,325,103,178,187
102,102,254,188,326,126,287,189,293,126,385,233,372,112,325,104,178,187
103,103,255,189,327,126,288,190,293,126,387,234,372,112,325,104,178,187
104,104,255,189,327,126,288,190,293,126,388,234,372,113,325,104,178,187
105,105,255,189,327,126,288,190,293,126,389,234,371,113,325,105,178,187
106,106,255,190,327,127,288,191,294,127,390,234,371,113,325,105,178,187
107,107,255,191,328,127,289,191,294,128,392,235,371,113,326,105,178,188
108,108,255,191,328,128,289,191,294,128,392,235,370,113,326,105,178,188
109,109,256,191,328,128,289,192,295,128,393,235,370,114,326,105,178,188
110,110,256,191,328,128,289,192,294,128,394,236,370,114,326,106,177,188
111,111,256,192,328,129,289,193,294,129,395,236,369,114,326,106,177,189
112,112,256,192,328,129,290,193,295,129,397,237,369,114,327,106,177,189
113,113,256,192,329,129,290,193,295,129,398,237,369,114,327,106,176,189
114,114,257,193,329,129,291,194,295,129,400,237,368,114,327,107,176,189
115,115,256,193,329,129,291,194,295,129,401,237,368,114,327,107,176,188
116,116,257,193,329,130,291,195,296,130,402,237,367,114,327,107,176,188
117,117,258,194,330,130,292,195,296,130,404,238,367,114,328,108,176,188
118,118,257,194,329,130,292,195,295,130,405,238,366,114,327,107,175,188
119,119,258,195,330,131,292,196,296,131,406,239,365,115,328,108,175,188
120,120,258,195,330,131,292,196,296,131,408,240,365,115,328,108,175,188
121,121,258,195,331,131,293,197,297,131,410,240,365,115,329,108,175,188
122,122,258,196,331,132,293,197,297,132,411,241,365,115,329,109,175,188
123,123,259,197,331,132,294,197,297,131,413,241,365,115,329,109,175,188
124,124,259,196,332,132,294,197,297,131,415,241,364,115,330,109,175,188
125,125,260,197,332,132,295,198,297,132,417,242,363,116,330,110,175,188
126,126,260,197,332,132,295,198,298,133,419,243,363,116,330,110,175,189
127,127,260,197,332,132,295,198,298,133,420,243,363,116,331,110,175,189
128,128,261,198,333,133,296,199,298,133,422,244,363,116,331,110,175,189
129,129,261,198,333,134,297,199,298,133,424,244,363,116,331,111,175,189
130,130,261,198,333,134,297,199,299,133,426,245,363,117,331,111,175,189
131,131,261,199,333,134,297,200,299,134,428,245,362,116,332,111,175,188
132,132,262,199,334,134,298,200,299,134,430,246,361,117,332,111,175,188
133,133,262,200,334,135,298,200,300,135,432,246,361,117,333,112,176,188
134,134,263,200,334,135,299,201,300,135,434,246,361,117,333,112,176,188
135,135,263,200,335,135,299,201,300,134,436,246,361,117,333,112,175,188
136,136,263,201,335,135,300,201,300,135,438,247,361,117,333,112,176,188
137,137,264,201,336,136,300,202,301,135,441,248,361,117,334,112,176,188
138,138,264,201,336,135,301,202,301,135,443,248,361,117,334,112,176,188
139,139,264,202,336,136,301,202,301,136,446,249,361,116,334,112,176,188
140,140,265,202,337,136,301,203,301,136,448,249,361,116,335,113,176,188
141,141,265,203,337,136,302,203,302,136,451,249,361,116,335,113,175,188
142,142,265,203,337,137,303,203,302,137,453,250,361,116,335,113,175,188
143,143,265,204,337,137,303,204,302,137,456,250,361,116,335,113,175,189
144,144,266,204,338,137,303,204,302,137,458,250,361,117,336,114,175,189
145,145,267,204,339,138,304,205,303,138,461,251,361,117,337,114,175,189
146,146,267,204,339,138,305,205,303,138,464,252,361,117,337,114,175,189
147,147,268,205,339,139,305,205,303,139,467,252,361,117,337,115,175,189
148,148,268,205,339,139,306,205,303,139,470,253,361,117,338,115,175,189
149,149,269,205,340,139,306,206,303,139,473,253,361,117,338,115,175,188
150,150,269,206,340,140,307,207,304,140,475,254,361,117,338,116,175,188
151,151,269,206,340,140,307,207,304,140,478,254,361,117,339,116,175,188
152,152,269,206,341,140,307,207,304,140,481,255,362,116,339,116,175,188
153,153,270,207,341,141,308,208,305,141,484,256,362,116,339,116,174,188
154,154,271,207,341,141,309,208,305,141,487,257,362,116,339,117,174,188
155,155,271,208,342,141,309,208,305,141,491,258,362,116,340,117,174,188
156,156,271,208,342,142,310,209,305,142,494,259,362,116,340,117,174,189
157,157,272,208,342,142,310,210,306,142,497,260,362,116,341,118,174,189
158,158,272,209,343,142,311,210,306,142,501,260,362,117,341,118,174,189
159,159,273,209,343,143,311,210,306,142,504,261,362,117,341,118,174,189
160,160,273,210,343,143,312,210,307,143,507,262,362,117,341,118,174,189
161,161,273,210,343,143,312,211,307,143,510,262,362,117,341,118,174,189
162,162,273,210,344,143,313,211,307,143,514,263,362,117,342,119,174,189
163,163,274,211,344,144,314,212,307,144,518,264,362,117,342,119,174,189
164,164,274,211,345,144,314,212,307,144,522,264,362,117,342,119,174,189
165,165,275,211,345,144,315,212,308,144,526,265,361,117,342,120,174,189
166,166,275,212,345,145,315,213,308,145,530,266,361,117,343,120,174,189
167,167,276,212,345,145,316,213,308,145,534,267,361,117,343,120,174,189
168,168,276,212,346,145,316,213,308,145,538,268,361,117,344,120,174,189
169,169,277,212,346,146,317,213,309,146,542,269,361,117,344,121,174,189
170,170,277,213,346,146,317,214,309,146,546,269,361,117,344,121,174,189
171,171,278,213,347,147,318,214,309,147,551,270,361,117,345,121,174,189
172,172,278,214,347,147,319,214,309,147,555,272,361,117,345,122,174,189
173,173,279,214,348,147,319,215,310,147,560,273,361,117,345,122,175,189
174,174,279,214,348,148,320,215,310,148,564,274,361,117,346,122,175,189
175,175,280,215,348,148,321,216,310,148,569,275,362,117,346,122,175,190
176,176,280,215,349,148,321,216,311,148,574,276,362,117,347,123,175,190
177,177,281,215,349,149,322,216,311,149,579,278,362,117,347,123,175,190
178,178,281,215,350,149,323,216,311,149,585,279,362,117,348,123,175,190
179,179,282,216,350,149,323,217,311,149,590,280,362,117,348,124,174,190
180,180,282,216,351,150,324,217,312,150,595,282,362,117,348,125,174,190
181,181,283,217,351,150,325,218,312,150,601,283,362,117,349,125,174,190
182,182,283,217,351,150,326,218,312,150,607,284,362,117,349,125,175,190
183,183,284,218,351,151,326,219,313,151,613,285,362,117,349,125,174,189
184,184,284,218,352,151,327,219,313,151,619,286,362,117,350,125,174,189
185,185,285,218,352,151,328,219,313,151,625,287,362,117,350,125,174,189
186,186,285,218,353,152,328,219,314,152,654,293,362,118,351,126,174,189
187,187,286,219,353,152,329,220,314,152,,,362,118,351,126,174,189
188,188,286,219,353,153,329,220,314,152,,,362,118,352,126,174,189
189,189,287,219,354,153,330,220,315,153,,,363,118,352,126,174,190
190,190,288,220,354,153,331,221,315,153,,,363,118,352,127,175,190
191,191,288,220,355,153,332,221,315,153,,,364,118,353,127,175,190
192,192,289,220,356,153,333,222,316,154,,,364,118,353,128,175,190
193,193,289,221,356,154,334,222,317,154,,,364,118,354,128,175,190
194,194,290,221,356,154,334,222,317,154,,,364,118,354,128,175,190
195,195,291,221,357,155,335,222,317,155,,,364,118,355,128,176,190
196,196,291,222,357,155,336,223,318,155,,,364,118,355,128,176,190
197,197,292,222,358,155,336,223,318,155,,,364,118,356,129,176,190
198,198,293,222,358,156,337,224,318,156,,,365,118,356,129,176,190
199,199,293,223,359,156,338,224,319,156,,,365,118,357,129,176,190
200,200,294,223,359,156,339,224,319,156,,,365,118,357,130,176,189
201,201,294,224,360,157,340,224,319,157,,,365,118,358,130,176,189
202,202,295,224,360,157,340,225,320,157,,,365,118,358,130,176,189
203,203,295,224,361,157,341,225,320,157,,,365,118,358,130,176,189
204,204,296,224,361,158,342,226,320,158,,,365,118,359,131,176,189
205,205,297,225,361,158,343,226,321,158,,,365,118,359,131,176,190
206,206,297,225,362,158,344,226,321,158,,,365,118,360,131,177,190
207,207,298,226,362,159,344,226,322,158,,,365,118,361,132,177,190
208,208,298,226,363,159,345,227,322,159,,,365,118,361,132,177,190
209,209,299,226,364,159,346,227,323,159,,,365,118,361,132,176,190
210,210,299,226,364,160,347,227,323,159,,,365,118,362,132,176,190
211,211,300,227,365,160,348,228,323,160,,,365,118,362,133,176,190
212,212,301,227,365,160,348,228,324,160,,,365,118,363,133,176,190
213,213,301,227,366,160,349,228,324,160,,,365,118,364,133,176,190
214,214,302,227,366,161,350,228,325,161,,,365,119,364,133,176,190
215,215,303,227,367,161,351,228,325,161,,,365,119,364,133,176,190
216,216,304,228,367,161,352,229,325,161,,,365,119,365,134,176,189
217,217,304,228,368,162,352,229,326,161,,,365,119,365,134,176,189
218,218,305,228,369,162,353,229,326,162,,,365,119,366,134,176,190
219,219,305,229,369,163,354,230,327,162,,,365,119,367,134,176,189
220,220,306,229,370,163,355,230,327,163,,,365,119,367,135,176,189
221,221,306,229,370,163,356,230,328,163,,,365,119,367,135,176,189
222,222,307,229,370,164,357,230,328,163,,,365,119,367,135,176,190
223,223,308,230,371,164,358,231,329,164,,,365,119,368,135,176,190
224,224,308,230,372,164,359,231,329,164,,,365,119,369,136,176,191
225,225,309,231,372,164,360,232,330,164,,,365,119,370,136,176,191
226,226,310,231,373,165,361,232,330,164,,,365,119,370,136,177,191
227,227,311,232,373,165,361,232,330,165,,,365,119,370,136,177,190
228,228,311,232,374,165,362,233,331,165,,,365,119,371,137,177,190
229,229,312,232,374,166,363,233,331,165,,,365,119,372,137,177,190
230,230,313,232,375,166,364,233,332,166,,,365,119,372,137,177,190
231,231,314,233,375,167,365,234,332,166,,,365,119,373,137,177,190
232,232,314,233,376,167,366,234,333,166,,,365,119,374,138,177,190
233,233,315,233,376,167,367,234,333,167,,,365,119,374,138,177,190
234,234,316,234,377,168,368,235,334,167,,,365,119,374,138,177,190
235,235,316,234,378,168,369,235,334,167,,,365,119,375,138,178,189
236,236,317,234,378,168,370,235,335,168,,,365,119,376,139,178,190
237,237,318,235,379,169,371,236,335,168,,,365,119,376,139,178,190
238,238,319,235,380,169,372,236,336,168,,,365,119,377,139,178,190
239,239,319,235,380,169,373,236,336,169,,,366,119,378,139,178,190
240,240,320,236,381,170,374,237,336,169,,,366,118,378,140,178,190
241,241,321,236,381,169,375,237,337,169,,,366,119,379,140,178,190
242,242,322,237,382,170,376,237,337,169,,,366,119,380,140,177,191
243,243,323,237,383,170,377,238,338,169,,,366,119,380,140,177,190
244,244,324,237,383,170,379,238,338,170,,,366,119,380,140,177,190
245,245,325,237,384,171,380,238,339,170,,,366,119,381,141,177,190
246,246,325,238,384,171,381,238,339,171,,,366,119,382,141,177,190
247,247,327,238,385,171,382,239,340,171,,,366,119,382,142,177,190
248,248,328,238,385,171,383,239,340,171,,,366,119,383,141,177,189
249,249,328,239,386,172,384,239,341,172,,,366,119,383,142,177,190
250,250,329,239,387,172,385,239,341,172,,,366,119,384,142,177,190
251,251,330,239,388,173,387,240,342,172,,,366,119,385,143,177,190
252,252,331,239,388,173,388,240,342,172,,,366,119,385,142,177,190
253,253,332,240,388,173,390,241,343,173,,,366,120,386,143,177,190
254,254,333,240,389,173,391,241,344,173,,,366,120,387,142,177,190
255,255,334,241,390,174,392,241,344,173,,,366,120,387,143,177,191
256,256,335,241,390,174,393,242,345,173,,,366,120,388,143,177,191
257,257,336,241,391,174,394,242,345,174,,,367,120,388,143,177,191
258,258,337,241,392,175,396,242,345,174,,,367,119,389,143,178,191
259,259,338,242,392,175,397,242,346,174,,,366,119,389,144,178,191
260,260,339,242,393,175,398,243,346,175,,,366,119,390,144,178,191
261,261,340,242,394,175,400,243,347,175,,,366,119,391,144,178,190
262,262,341,243,394,176,401,244,347,176,,,366,119,391,145,178,191
263,263,342,242,395,176,402,243,348,175,,,366,119,392,144,178,190
264,264,343,243,396,177,404,244,349,176,,,366,119,392,145,178,191
265,265,344,243,396,177,405,244,350,176,,,366,119,393,145,178,190
266,266,345,245,396,178,406,245,350,177,,,366,119,394,146,178,190
267,267,346,244,397,177,407,245,351,176,,,366,119,394,145,178,190
268,268,347,245,398,178,409,246,351,177,,,366,119,395,146,178,191
269,269,348,245,399,178,410,245,352,177,,,366,119,396,146,178,190
270,270,349,245,399,178,412,246,353,178,,,366,119,396,146,178,190
271,271,350,245,400,179,413,246,353,178,,,366,119,397,146,178,191
272,272,352,245,401,179,414,247,354,178,,,366,119,398,147,178,191
273,273,353,245,402,179,416,246,355,178,,,366,119,399,147,178,191
274,274,353,246,402,179,417,247,355,178,,,366,119,399,147,178,191
275,275,355,246,403,180,419,247,356,179,,,366,119,400,148,178,191
276,276,356,246,404,180,420,248,357,179,,,366,119,401,148,178,191
277,277,357,247,404,180,421,248,358,179,,,366,119,401,148,178,191
278,278,357,247,404,180,423,248,358,179,,,366,119,402,148,178,191
279,279,358,248,405,181,424,249,359,179,,,366,119,402,149,178,191
280,280,360,248,406,181,426,250,360,179,,,366,119,403,149,178,191
281,281,361,249,407,181,427,250,361,180,,,366,119,403,149,178,191
282,282,362,249,408,181,429,250,362,179,,,366,119,404,149,178,190
283,283,363,249,408,182,430,250,362,180,,,366,119,405,149,178,191
284,284,364,249,409,181,432,250,363,180,,,366,119,405,149,178,191
285,285,365,250,409,181,433,251,365,180,,,366,119,406,149,178,191
286,286,366,250,410,181,435,251,365,180,,,366,119,407,149,178,191
287,287,367,251,411,182,436,251,366,180,,,366,119,407,150,178,192
288,288,369,251,411,181,438,251,367,180,,,366,119,409,150,178,192
289,289,370,251,412,182,440,252,368,180,,,366,119,409,150,178,192
290,290,371,251,413,182,441,252,369,181,,,366,119,410,150,178,192
291,291,372,252,414,182,442,253,370,181,,,366,119,411,151,179,192
292,292,373,251,414,182,444,252,371,181,,,366,119,411,151,179,192
293,293,374,252,415,182,446,253,372,180,,,366,119,412,152,179,192
294,294,376,252,416,183,447,253,373,180,,,366,119,413,152,179,192
295,295,377,253,417,183,449,254,374,181,,,366,119,414,152,179,192
296,296,378,253,417,183,451,254,375,181,,,366,119,414,152,179,191
297,297,379,254,418,183,452,255,376,181,,,366,119,414,152,179,191
298,298,380,254,418,183,454,255,377,181,,,366,119,415,152,179,191
299,299,381,255,419,184,456,256,378,181,,,366,119,416,153,179,191
300,300,382,255,420,183,457,256,379,181,,,366,119,416,153,179,191
301,301,384,256,421,184,459,257,380,181,,,366,119,416,153,179,191
302,302,384,256,421,184,460,257,381,181,,,366,119,416,153,179,191
303,303,386,257,422,184,462,258,383,182,,,366,119,416,153,179,192
304,304,387,257,423,184,464,258,384,182,,,366,119,417,153,179,192
305,305,388,258,424,184,465,258,385,182,,,366,119,417,153,179,192
306,306,389,258,424,184,467,259,387,182,,,366,119,418,154,179,192
307,307,391,258,425,184,469,259,388,182,,,366,119,419,154,179,192
308,308,392,258,426,184,471,259,389,182,,,366,119,419,154,179,192
309,309,393,259,426,184,472,260,390,182,,,366,119,420,154,179,191
310,310,394,259,428,184,474,260,392,182,,,366,119,421,154,179,191
311,311,395,259,430,184,476,260,393,182,,,366,119,420,154,179,191
312,312,397,260,430,184,477,261,394,182,,,366,119,421,154,179,191
313,313,398,260,431,184,479,261,395,183,,,366,119,421,155,179,191
314,314,399,260,431,184,481,262,397,183,,,366,119,421,155,178,191
315,315,400,261,432,184,483,262,398,183,,,366,119,422,155,179,191
316,316,402,261,432,185,485,263,400,183,,,366,119,422,155,179,191
317,317,403,262,433,185,486,263,400,183,,,366,119,422,155,179,191
318,318,404,263,434,185,488,264,402,184,,,367,119,421,155,179,192
319,319,405,263,435,185,490,264,403,183,,,367,119,421,155,179,192
320,320,407,264,436,186,492,265,405,183,,,367,119,420,156,180,192
321,321,408,264,437,186,494,265,406,183,,,367,119,419,156,180,192
322,322,409,265,437,186,496,266,407,184,,,367,119,418,156,180,192
323,323,411,265,439,187,498,266,409,184,,,367,119,419,156,181,192
324,324,412,265,439,187,500,266,410,184,,,367,119,418,156,180,192
325,325,413,265,440,187,502,266,411,184,,,367,119,418,156,180,192
326,326,415,266,441,187,504,267,413,184,,,367,119,418,157,181,192
327,327,416,267,440,187,506,268,414,184,,,366,119,417,157,181,191
328,328,417,267,439,187,508,268,416,184,,,366,119,417,157,181,191
329,329,419,268,437,187,510,269,417,184,,,366,119,417,157,181,191
330,330,420,268,438,187,512,270,419,184,,,366,119,416,157,181,191
331,331,422,269,439,187,514,270,420,184,,,366,119,417,158,181,192
332,332,424,270,440,188,517,270,421,184,,,366,119,416,158,181,192
333,333,425,270,440,188,519,271,422,184,,,366,119,417,158,181,192
334,334,427,271,441,188,521,272,424,184,,,366,119,416,158,181,192
335,335,428,272,441,188,524,273,425,184,,,366,119,416,158,181,192
336,336,430,272,442,188,526,273,427,184,,,366,119,416,158,181,192
337,337,432,273,443,188,528,274,429,184,,,366,119,416,158,181,192
338,338,433,274,445,188,531,274,430,184,,,366,119,417,158,181,192
339,339,435,275,446,188,534,275,431,184,,,366,119,416,158,180,192
340,340,437,275,447,188,536,276,433,184,,,366,119,416,159,180,192
341,341,439,276,449,188,539,277,435,184,,,366,119,416,158,181,192
342,342,441,277,450,188,542,278,436,184,,,366,119,417,159,180,192
343,343,443,278,452,188,544,278,438,184,,,366,119,417,159,180,192
344,344,445,279,453,188,547,279,440,184,,,366,119,417,159,180,192
345,345,447,279,455,188,550,280,442,184,,,366,119,418,159,180,192
346,346,449,280,456,188,553,281,443,184,,,366,119,418,159,180,191
347,347,451,281,458,188,556,281,445,184,,,366,119,417,159,180,191
348,348,453,281,459,188,559,282,447,184,,,366,119,417,160,180,192
349,349,455,282,460,188,562,283,449,184,,,366,119,416,160,180,192
350,350,458,283,461,188,566,284,450,184,,,366,119,416,160,180,192
351,351,460,284,463,188,569,284,452,184,,,366,119,417,161,181,193
352,352,462,285,464,188,572,285,455,184,,,366,119,414,160,181,193
353,353,465,285,465,188,576,286,457,184,,,366,119,414,161,181,193
354,354,467,286,467,188,579,286,459,184,,,366,119,414,161,181,193
355,355,470,287,468,188,583,287,461,184,,,366,119,415,161,181,193
356,356,473,287,470,187,587,288,463,184,,,366,119,416,161,181,193
357,357,475,288,471,187,590,289,465,184,,,366,119,416,161,181,192
358,358,478,289,473,187,594,290,467,183,,,366,119,417,161,181,193
359,359,481,290,474,187,598,291,469,183,,,368,120,417,161,181,192
360,360,483,291,476,187,602,292,470,183,,,368,120,417,161,181,192
361,361,487,292,478,187,606,293,472,183,,,368,120,417,161,181,192
362,362,489,293,480,187,610,293,473,184,,,368,120,417,162,182,192
363,363,493,294,482,187,615,294,475,183,,,367,120,417,162,182,192
364,364,496,295,484,186,620,295,476,183,,,367,120,418,161,182,192
365,365,500,295,485,186,624,296,477,183,,,367,120,418,161,182,192
366,366,503,297,488,186,628,297,478,182,,,367,120,415,162,182,192
367,367,506,298,490,186,646,298,479,182,,,367,119,415,162,181,193
368,368,510,299,491,186,650,299,481,181,,,367,119,417,162,181,193
369,369,514,300,494,185,,,481,181,,,367,119,417,162,181,193
370,370,518,302,497,184,,,482,180,,,367,119,417,162,181,193
371,371,521,303,501,185,,,482,178,,,367,119,418,163,181,193
372,372,525,304,504,185,,,482,174,,,367,119,419,163,181,193
373,373,530,306,507,186,,,483,174,,,367,119,420,163,181,192
374,374,534,307,510,186,,,484,173,,,367,119,420,163,181,192
375,375,538,307,514,186,,,485,172,,,367,119,421,163,180,192
376,376,542,308,518,186,,,485,171,,,367,119,422,163,180,192
377,377,547,309,522,186,,,486,171,,,367,119,423,163,180,192
378,378,551,310,526,186,,,488,171,,,367,119,423,163,180,192
379,379,556,312,529,186,,,489,171,,,366,119,424,163,180,192
380,380,561,313,528,185,,,491,172,,,366,119,425,163,180,192
381,381,566,315,527,185,,,492,172,,,367,119,426,163,180,192
382,382,571,317,526,185,,,494,172,,,367,119,427,163,180,193
383,383,576,318,525,184,,,496,171,,,367,119,428,163,180,193
384,384,582,320,524,184,,,498,171,,,366,119,429,163,180,193
385,385,587,322,525,184,,,500,171,,,366,119,430,163,180,193
386,386,593,324,526,182,,,502,170,,,366,118,431,163,180,193
387,387,598,325,528,182,,,504,170,,,365,118,433,163,181,193
388,388,604,327,529,182,,,506,170,,,365,118,439,163,181,193
389,389,610,329,532,181,,,508,170,,,365,118,439,162,181,193
390,390,616,331,534,181,,,511,169,,,365,118,439,162,181,193
391,391,623,333,536,181,,,514,169,,,365,118,439,162,181,193
392,392,629,335,535,180,,,516,169,,,364,118,438,162,181,193
393,393,643,336,539,181,,,519,169,,,364,118,438,162,181,192
394,394,672,339,541,180,,,521,169,,,363,118,439,161,181,192
395,395,,,544,180,,,524,169,,,363,117,440,161,181,192
396,396,,,546,180,,,528,169,,,363,117,440,161,181,192
397,397,,,548,180,,,535,173,,,362,117,440,161,181,193
398,398,,,548,180,,,537,173,,,362,117,439,161,181,193
399,399,,,548,179,,,540,172,,,362,117,440,161,181,193
400,400,,,552,180,,,542,172,,,362,117,440,161,181,193
401,401,,,555,181,,,545,172,,,361,116,440,161,180,194
402,402,,,560,183,,,555,174,,,361,116,440,161,181,194
403,403,,,565,185,,,558,174,,,361,116,441,161,180,194
404,404,,,570,187,,,561,174,,,361,116,442,160,180,193
405,405,,,575,189,,,564,173,,,361,116,442,160,180,193
406,406,,,580,191,,,567,173,,,360,116,443,161,181,193
407,407,,,585,193,,,570,172,,,360,116,444,160,180,193
408,408,,,590,195,,,574,172,,,360,116,446,160,180,193
409,409,,,594,197,,,574,172,,,360,116,447,160,180,192
410,410,,,599,199,,,573,171,,,359,116,449,159,180,193
411,411,,,604,201,,,576,171,,,359,116,451,159,180,193
412,412,,,609,203,,,580,170,,,359,116,453,159,180,193
413,413,,,614,205,,,584,170,,,359,116,455,158,180,193
414,414,,,619,207,,,587,170,,,358,116,457,158,180,193
415,415,,,624,208,,,591,169,,,358,116,458,157,180,194
416,416,,,642,229,,,595,168,,,358,115,459,157,180,194
417,417,,,669,229,,,598,168,,,358,115,462,157,180,194
418,418,,,,,,,604,167,,,357,115,466,156,180,194
419,419,,,,,,,608,167,,,357,114,469,156,180,194
420,420,,,,,,,609,167,,,357,114,472,156,180,193
421,421,,,,,,,615,167,,,357,114,475,155,180,193
422,422,,,,,,,620,166,,,356,114,478,155,181,193
423,423,,,,,,,624,166,,,356,114,481,154,181,193
424,424,,,,,,,629,166,,,356,113,485,154,180,193
425,425,,,,,,,633,166,,,356,113,488,154,180,193
426,426,,,,,,,639,165,,,355,113,491,154,180,193
427,427,,,,,,,648,164,,,355,113,494,154,181,193
428,428,,,,,,,,,,,355,113,497,153,181,193
429,429,,,,,,,,,,,355,113,500,153,180,193
430,430,,,,,,,,,,,354,113,503,153,180,193
431,431,,,,,,,,,,,354,112,505,154,180,194
432,432,,,,,,,,,,,353,112,507,154,180,194
433,433,,,,,,,,,,,353,112,510,155,179,194
434,434,,,,,,,,,,,353,112,513,155,179,194
435,435,,,,,,,,,,,353,112,515,155,179,194
436,436,,,,,,,,,,,353,112,518,155,179,194
437,437,,,,,,,,,,,352,112,522,155,179,194
438,438,,,,,,,,,,,352,112,526,154,179,193
439,439,,,,,,,,,,,352,111,529,154,179,193
440,440,,,,,,,,,,,352,111,534,154,179,193
441,441,,,,,,,,,,,351,111,537,154,179,193
442,442,,,,,,,,,,,351,111,542,154,179,193
443,443,,,,,,,,,,,351,111,546,154,178,193
444,444,,,,,,,,,,,351,111,550,155,178,193
445,445,,,,,,,,,,,351,111,554,157,178,193
446,446,,,,,,,,,,,350,111,557,157,178,193
447,447,,,,,,,,,,,350,110,563,155,178,194
448,448,,,,,,,,,,,350,110,567,155,178,194
449,449,,,,,,,,,,,350,110,573,156,178,194
450,450,,,,,,,,,,,350,110,579,156,178,194
451,451,,,,,,,,,,,349,110,585,153,178,194
452,452,,,,,,,,,,,349,110,590,154,178,194
453,453,,,,,,,,,,,348,109,596,155,178,193
454,454,,,,,,,,,,,348,109,602,155,178,193
455,455,,,,,,,,,,,348,109,609,154,178,193
456,456,,,,,,,,,,,348,109,616,153,178,193
457,457,,,,,,,,,,,348,108,623,151,178,193
458,458,,,,,,,,,,,348,108,630,150,179,193
459,459,,,,,,,,,,,347,108,655,147,178,193
460,460,,,,,,,,,,,347,108,,,178,193
461,461,,,,,,,,,,,347,108,,,179,193
462,462,,,,,,,,,,,347,108,,,179,194
463,463,,,,,,,,,,,346,107,,,178,194
464,464,,,,,,,,,,,346,107,,,178,194
465,465,,,,,,,,,,,346,107,,,178,194
466,466,,,,,,,,,,,345,107,,,178,194
467,467,,,,,,,,,,,345,107,,,178,194
468,468,,,,,,,,,,,345,106,,,178,194
469,469,,,,,,,,,,,344,107,,,177,194
470,470,,,,,,,,,,,344,106,,,177,193
471,471,,,,,,,,,,,344,106,,,177,193
472,472,,,,,,,,,,,344,106,,,177,193
473,473,,,,,,,,,,,344,106,,,177,193
474,474,,,,,,,,,,,344,106,,,177,193
475,475,,,,,,,,,,,344,106,,,177,193
476,476,,,,,,,,,,,343,106,,,177,193
477,477,,,,,,,,,,,343,105,,,177,193
478,478,,,,,,,,,,,343,105,,,177,193
479,479,,,,,,,,,,,342,105,,,177,194
480,480,,,,,,,,,,,342,104,,,177,194
481,481,,,,,,,,,,,342,104,,,177,194
482,482,,,,,,,,,,,341,104,,,177,194
483,483,,,,,,,,,,,341,104,,,178,194
484,484,,,,,,,,,,,340,104,,,178,194
485,485,,,,,,,,,,,340,104,,,178,194
486,486,,,,,,,,,,,340,104,,,178,194
487,487,,,,,,,,,,,340,103,,,178,193
488,488,,,,,,,,,,,340,103,,,178,193
489,489,,,,,,,,,,,339,103,,,179,193
490,490,,,,,,,,,,,339,103,,,179,193
491,491,,,,,,,,,,,339,103,,,179,193
492,492,,,,,,,,,,,339,103,,,179,193
493,493,,,,,,,,,,,338,103,,,179,193
494,494,,,,,,,,,,,338,103,,,179,193
495,495,,,,,,,,,,,338,103,,,179,194
496,496,,,,,,,,,,,337,102,,,179,194
497,497,,,,,,,,,,,337,102,,,179,194
498,498,,,,,,,,,,,337,102,,,179,194
499,499,,,,,,,,,,,337,102,,,178,194
500,500,,,,,,,,,,,336,102,,,179,194
501,501,,,,,,,,,,,336,101,,,178,194
502,502,,,,,,,,,,,336,101,,,178,194
503,503,,,,,,,,,,,335,101,,,179,194
504,504,,,,,,,,,,,335,101,,,178,194
505,505,,,,,,,,,,,335,100,,,178,193
506,506,,,,,,,,,,,335,100,,,179,193
507,507,,,,,,,,,,,334,100,,,178,193
508,508,,,,,,,,,,,334,100,,,178,193
509,509,,,,,,,,,,,334,100,,,178,193
510,510,,,,,,,,,,,333,100,,,178,193
511,511,,,,,,,,,,,333,100,,,179,194
512,512,,,,,,,,,,,333,100,,,179,194
513,513,,,,,,,,,,,332,100,,,178,194
514,514,,,,,,,,,,,332,100,,,179,195
515,515,,,,,,,,,,,332,99,,,179,195
516,516,,,,,,,,,,,332,99,,,179,194
517,517,,,,,,,,,,,332,99,,,179,194
518,518,,,,,,,,,,,331,99,,,179,194
519,519,,,,,,,,,,,331,99,,,179,194
520,520,,,,,,,,,,,331,100,,,179,194
521,521,,,,,,,,,,,331,99,,,179,193
522,522,,,,,,,,,,,330,100,,,179,194
523,523,,,,,,,,,,,330,99,,,179,193
524,524,,,,,,,,,,,330,99,,,179,193
525,525,,,,,,,,,,,329,99,,,179,194
526,526,,,,,,,,,,,329,99,,,179,194
527,527,,,,,,,,,,,329,99,,,179,194
528,528,,,,,,,,,,,329,99,,,179,195
529,529,,,,,,,,,,,329,99,,,178,195
530,530,,,,,,,,,,,328,99,,,178,195
531,531,,,,,,,,,,,328,99,,,178,195
532,532,,,,,,,,,,,328,99,,,178,195
533,533,,,,,,,,,,,327,99,,,178,195
534,534,,,,,,,,,,,327,99,,,178,195
535,535,,,,,,,,,,,327,99,,,178,194
536,536,,,,,,,,,,,327,99,,,178,194
537,537,,,,,,,,,,,326,99,,,178,194
538,538,,,,,,,,,,,326,99,,,178,194
539,539,,,,,,,,,,,326,99,,,178,194
540,540,,,,,,,,,,,326,99,,,178,194
541,541,,,,,,,,,,,326,99,,,178,195
542,542,,,,,,,,,,,326,99,,,178,195
543,543,,,,,,,,,,,325,99,,,178,195
544,544,,,,,,,,,,,325,99,,,178,195
545,545,,,,,,,,,,,325,99,,,178,195
546,546,,,,,,,,,,,325,99,,,178,196
547,547,,,,,,,,,,,325,99,,,179,196
548,548,,,,,,,,,,,324,99,,,179,195
549,549,,,,,,,,,,,324,99,,,179,195
550,550,,,,,,,,,,,324,99,,,179,195
551,551,,,,,,,,,,,324,99,,,179,194
552,552,,,,,,,,,,,324,99,,,179,194
553,553,,,,,,,,,,,324,99,,,179,194
554,554,,,,,,,,,,,323,99,,,179,194
555,555,,,,,,,,,,,323,99,,,179,194
556,556,,,,,,,,,,,323,99,,,180,194
557,557,,,,,,,,,,,323,99,,,180,195
558,558,,,,,,,,,,,322,99,,,179,195
559,559,,,,,,,,,,,322,99,,,179,195
560,560,,,,,,,,,,,322,99,,,179,195
561,561,,,,,,,,,,,322,99,,,179,196
562,562,,,,,,,,,,,322,99,,,179,196
563,563,,,,,,,,,,,321,99,,,179,196
564,564,,,,,,,,,,,321,99,,,178,195
565,565,,,,,,,,,,,321,99,,,179,196
566,566,,,,,,,,,,,321,99,,,179,195
567,567,,,,,,,,,,,321,99,,,179,195
568,568,,,,,,,,,,,320,99,,,179,195
569,569,,,,,,,,,,,320,99,,,178,195
570,570,,,,,,,,,,,320,99,,,178,195
571,571,,,,,,,,,,,320,99,,,179,195
572,572,,,,,,,,,,,319,99,,,178,195
573,573,,,,,,,,,,,319,99,,,178,195
574,574,,,,,,,,,,,319,99,,,179,195
575,575,,,,,,,,,,,319,99,,,179,195
576,576,,,,,,,,,,,319,99,,,179,195
577,577,,,,,,,,,,,318,99,,,179,196
578,578,,,,,,,,,,,318,99,,,179,196
579,579,,,,,,,,,,,318,98,,,179,196
580,580,,,,,,,,,,,318,99,,,179,196
581,581,,,,,,,,,,,318,99,,,179,195
582,582,,,,,,,,,,,318,99,,,179,195
583,583,,,,,,,,,,,317,99,,,179,195
584,584,,,,,,,,,,,317,99,,,179,195
585,585,,,,,,,,,,,317,99,,,180,195
586,586,,,,,,,,,,,317,99,,,180,195
587,587,,,,,,,,,,,317,98,,,180,194
588,588,,,,,,,,,,,317,98,,,180,195
589,589,,,,,,,,,,,317,98,,,180,195
590,590,,,,,,,,,,,317,98,,,180,195
591,591,,,,,,,,,,,316,99,,,180,195
592,592,,,,,,,,,,,316,98,,,180,196
593,593,,,,,,,,,,,316,98,,,179,196
594,594,,,,,,,,,,,316,99,,,180,196
595,595,,,,,,,,,,,315,99,,,180,196
596,596,,,,,,,,,,,315,99,,,180,196
597,597,,,,,,,,,,,315,99,,,179,196
598,598,,,,,,,,,,,315,99,,,179,196
599,599,,,,,,,,,,,315,99,,,180,196
600,600,,,,,,,,,,,315,99,,,179,195
601,601,,,,,,,,,,,315,99,,,179,195
602,602,,,,,,,,,,,315,99,,,179,195
603,603,,,,,,,,,,,314,100,,,179,195
604,604,,,,,,,,,,,314,100,,,179,195
605,605,,,,,,,,,,,314,99,,,179,195
606,606,,,,,,,,,,,313,99,,,179,195
607,607,,,,,,,,,,,314,100,,,179,196
608,608,,,,,,,,,,,313,100,,,179,196
609,609,,,,,,,,,,,313,100,,,179,196
610,610,,,,,,,,,,,313,100,,,179,196
611,611,,,,,,,,,,,312,100,,,180,197
612,612,,,,,,,,,,,312,101,,,180,196
613,613,,,,,,,,,,,312,101,,,180,196
614,614,,,,,,,,,,,312,101,,,180,196
615,615,,,,,,,,,,,312,101,,,180,195
616,616,,,,,,,,,,,312,101,,,180,195
617,617,,,,,,,,,,,311,101,,,180,195
618,618,,,,,,,,,,,311,102,,,180,195
619,619,,,,,,,,,,,311,102,,,180,195
620,620,,,,,,,,,,,311,102,,,180,195
621,621,,,,,,,,,,,311,102,,,180,195
622,622,,,,,,,,,,,310,102,,,180,196
623,623,,,,,,,,,,,310,102,,,180,196
624,624,,,,,,,,,,,310,102,,,180,196
625,625,,,,,,,,,,,310,102,,,179,196
626,626,,,,,,,,,,,310,102,,,179,197
627,627,,,,,,,,,,,310,102,,,179,196
628,628,,,,,,,,,,,310,102,,,179,196
629,629,,,,,,,,,,,310,103,,,179,197
630,630,,,,,,,,,,,309,102,,,179,196
631,631,,,,,,,,,,,309,103,,,179,196
632,632,,,,,,,,,,,309,103,,,179,196
633,633,,,,,,,,,,,309,103,,,179,195
634,634,,,,,,,,,,,309,103,,,179,195
635,635,,,,,,,,,,,309,103,,,178,195
636,636,,,,,,,,,,,309,103,,,178,196
637,637,,,,,,,,,,,308,103,,,178,196
638,638,,,,,,,,,,,308,103,,,178,196
639,639,,,,,,,,,,,308,103,,,179,196
640,640,,,,,,,,,,,308,103,,,179,197
641,641,,,,,,,,,,,308,103,,,179,197
642,642,,,,,,,,,,,308,103,,,179,197
643,643,,,,,,,,,,,307,103,,,179,197
644,644,,,,,,,,,,,307,103,,,179,196
645,645,,,,,,,,,,,307,104,,,180,196
646,646,,,,,,,,,,,307,104,,,179,196
647,647,,,,,,,,,,,307,104,,,179,196
648,648,,,,,,,,,,,307,104,,,179,195
649,649,,,,,,,,,,,306,104,,,179,195
650,650,,,,,,,,,,,306,104,,,179,195
651,651,,,,,,,,,,,306,104,,,180,195
652,652,,,,,,,,,,,306,104,,,180,195
653,653,,,,,,,,,,,306,104,,,180,195
654,654,,,,,,,,,,,307,105,,,180,196
655,655,,,,,,,,,,,306,104,,,180,196
656,656,,,,,,,,,,,306,105,,,180,197
657,657,,,,,,,,,,,306,105,,,180,197
658,658,,,,,,,,,,,306,105,,,180,197
659,659,,,,,,,,,,,305,105,,,180,197
660,660,,,,,,,,,,,305,105,,,180,197
661,661,,,,,,,,,,,305,105,,,180,197
662,662,,,,,,,,,,,305,105,,,179,197
663,663,,,,,,,,,,,306,105,,,180,196
664,664,,,,,,,,,,,305,106,,,180,196
665,665,,,,,,,,,,,304,106,,,179,196
666,666,,,,,,,,,,,304,106,,,179,196
667,667,,,,,,,,,,,304,106,,,179,196
668,668,,,,,,,,,,,304,107,,,179,196
669,669,,,,,,,,,,,304,106,,,180,196
670,670,,,,,,,,,,,304,106,,,179,196
671,671,,,,,,,,,,,304,106,,,179,197
672,672,,,,,,,,,,,304,107,,,180,197
673,673,,,,,,,,,,,304,107,,,180,197
674,674,,,,,,,,,,,304,106,,,180,197
675,675,,,,,,,,,,,303,106,,,180,197
676,676,,,,,,,,,,,303,107,,,180,197
677,677,,,,,,,,,,,303,107,,,180,197
678,678,,,,,,,,,,,303,107,,,180,197
679,679,,,,,,,,,,,303,108,,,181,197
680,680,,,,,,,,,,,302,107,,,181,196
681,681,,,,,,,,,,,302,108,,,181,196
682,682,,,,,,,,,,,302,107,,,181,196
683,683,,,,,,,,,,,301,108,,,181,197
684,684,,,,,,,,,,,301,107,,,181,196
685,685,,,,,,,,,,,301,108,,,181,197
686,686,,,,,,,,,,,301,108,,,181,196
687,687,,,,,,,,,,,301,108,,,181,197
688,688,,,,,,,,,,,301,108,,,181,197
689,689,,,,,,,,,,,300,108,,,181,198
690,690,,,,,,,,,,,300,108,,,181,197
691,691,,,,,,,,,,,300,108,,,181,197
692,692,,,,,,,,,,,300,108,,,181,197
693,693,,,,,,,,,,,300,108,,,181,197
694,694,,,,,,,,,,,300,108,,,181,197
695,695,,,,,,,,,,,300,108,,,181,197
696,696,,,,,,,,,,,300,108,,,181,196
697,697,,,,,,,,,,,300,108,,,181,197
698,698,,,,,,,,,,,299,108,,,181,196
699,699,,,,,,,,,,,299,107,,,180,196
700,700,,,,,,,,,,,299,108,,,181,197
701,701,,,,,,,,,,,299,108,,,181,196
702,702,,,,,,,,,,,299,108,,,181,197
703,703,,,,,,,,,,,299,109,,,181,197
704,704,,,,,,,,,,,299,109,,,180,198
705,705,,,,,,,,,,,299,109,,,181,198
706,706,,,,,,,,,,,299,110,,,181,198
707,707,,,,,,,,,,,299,109,,,181,198
708,708,,,,,,,,,,,299,110,,,182,197
709,709,,,,,,,,,,,299,110,,,181,197
710,710,,,,,,,,,,,299,110,,,181,197
711,711,,,,,,,,,,,299,110,,,182,197
712,712,,,,,,,,,,,299,110,,,181,197
713,713,,,,,,,,,,,299,110,,,181,196
714,714,,,,,,,,,,,299,111,,,181,196
715,715,,,,,,,,,,,299,110,,,182,196
716,716,,,,,,,,,,,299,111,,,182,197
717,717,,,,,,,,,,,299,111,,,182,197
718,718,,,,,,,,,,,300,111,,,182,197
719,719,,,,,,,,,,,299,111,,,182,197
720,720,,,,,,,,,,,300,111,,,182,198
721,721,,,,,,,,,,,300,111,,,182,198
722,722,,,,,,,,,,,300,111,,,181,198
723,723,,,,,,,,,,,300,111,,,181,198
724,724,,,,,,,,,,,300,111,,,181,198
725,725,,,,,,,,,,,300,112,,,181,197
726,726,,,,,,,,,,,300,111,,,181,197
727,727,,,,,,,,,,,300,111,,,181,197
728,728,,,,,,,,,,,300,111,,,181,197
729,729,,,,,,,,,,,300,112,,,181,197
730,730,,,,,,,,,,,301,111,,,181,197
731,731,,,,,,,,,,,301,112,,,181,197
732,732,,,,,,,,,,,301,111,,,181,196
733,733,,,,,,,,,,,301,112,,,180,198
734,734,,,,,,,,,,,301,111,,,180,197
735,735,,,,,,,,,,,301,112,,,180,198
736,736,,,,,,,,,,,301,112,,,181,198
737,737,,,,,,,,,,,301,112,,,181,198
738,738,,,,,,,,,,,301,112,,,181,198
739,739,,,,,,,,,,,301,113,,,181,198
740,740,,,,,,,,,,,301,113,,,181,198
741,741,,,,,,,,,,,301,113,,,181,198
742,742,,,,,,,,,,,301,113,,,181,197
743,743,,,,,,,,,,,301,113,,,181,197
744,744,,,,,,,,,,,301,113,,,181,197
745,745,,,,,,,,,,,302,113,,,181,196
746,746,,,,,,,,,,,302,113,,,181,197
747,747,,,,,,,,,,,301,113,,,182,197
748,748,,,,,,,,,,,301,113,,,181,197
749,749,,,,,,,,,,,301,113,,,181,197
750,750,,,,,,,,,,,302,114,,,181,198
751,751,,,,,,,,,,,302,114,,,181,198
752,752,,,,,,,,,,,302,115,,,181,198
753,753,,,,,,,,,,,302,115,,,180,198
754,754,,,,,,,,,,,302,116,,,180,198
755,755,,,,,,,,,,,302,115,,,180,198
756,756,,,,,,,,,,,302,116,,,180,198
757,757,,,,,,,,,,,302,116,,,180,198
758,758,,,,,,,,,,,302,116,,,180,197
759,759,,,,,,,,,,,302,116,,,180,197
760,760,,,,,,,,,,,303,116,,,180,197
761,761,,,,,,,,,,,303,115,,,180,197
762,762,,,,,,,,,,,303,116,,,180,197
763,763,,,,,,,,,,,303,116,,,179,197
764,764,,,,,,,,,,,303,116,,,179,197
765,765,,,,,,,,,,,304,116,,,179,197
766,766,,,,,,,,,,,304,115,,,179,198
767,767,,,,,,,,,,,304,114,,,180,198
768,768,,,,,,,,,,,304,114,,,180,198
769,769,,,,,,,,,,,303,115,,,180,199
770,770,,,,,,,,,,,303,114,,,180,198
771,771,,,,,,,,,,,304,114,,,180,198
772,772,,,,,,,,,,,304,115,,,180,198
773,773,,,,,,,,,,,304,115,,,180,198
774,774,,,,,,,,,,,304,115,,,180,197
775,775,,,,,,,,,,,304,115,,,180,198
776,776,,,,,,,,,,,304,115,,,180,197
777,777,,,,,,,,,,,304,115,,,180,197
778,778,,,,,,,,,,,304,115,,,180,197
779,779,,,,,,,,,,,305,115,,,180,197
780,780,,,,,,,,,,,305,116,,,180,197
781,781,,,,,,,,,,,305,116,,,180,198
782,782,,,,,,,,,,,305,116,,,180,198
783,783,,,,,,,,,,,305,116,,,181,199
784,784,,,,,,,,,,,306,116,,,180,198
785,785,,,,,,,,,,,305,116,,,180,198
786,786,,,,,,,,,,,306,116,,,180,198
787,787,,,,,,,,,,,306,116,,,180,198
788,788,,,,,,,,,,,306,117,,,180,198
789,789,,,,,,,,,,,306,116,,,180,198
790,790,,,,,,,,,,,306,117,,,180,198
791,791,,,,,,,,,,,306,117,,,180,197
792,792,,,,,,,,,,,306,117,,,179,197
793,793,,,,,,,,,,,307,117,,,179,197
794,794,,,,,,,,,,,307,117,,,179,197
795,795,,,,,,,,,,,307,117,,,179,197
796,796,,,,,,,,,,,307,117,,,179,197
797,797,,,,,,,,,,,307,117,,,179,197
798,798,,,,,,,,,,,307,117,,,179,198
799,799,,,,,,,,,,,307,118,,,179,198
800,800,,,,,,,,,,,308,118,,,179,199
801,801,,,,,,,,,,,308,118,,,179,199
802,802,,,,,,,,,,,308,118,,,179,199
803,803,,,,,,,,,,,308,118,,,179,199
804,804,,,,,,,,,,,309,118,,,180,199
805,805,,,,,,,,,,,309,118,,,180,199
806,806,,,,,,,,,,,309,118,,,180,198
807,807,,,,,,,,,,,309,118,,,180,198
808,808,,,,,,,,,,,310,119,,,180,198
809,809,,,,,,,,,,,310,119,,,180,198
810,810,,,,,,,,,,,310,119,,,180,198
811,811,,,,,,,,,,,310,119,,,180,198
812,812,,,,,,,,,,,310,119,,,180,198
813,813,,,,,,,,,,,310,119,,,181,198
814,814,,,,,,,,,,,311,119,,,180,198
815,815,,,,,,,,,,,311,119,,,180,199
816,816,,,,,,,,,,,311,119,,,180,199
817,817,,,,,,,,,,,311,119,,,180,199
818,818,,,,,,,,,,,312,120,,,181,199
819,819,,,,,,,,,,,312,120,,,180,199
820,820,,,,,,,,,,,312,120,,,180,199
821,821,,,,,,,,,,,312,120,,,180,199
822,822,,,,,,,,,,,313,120,,,180,199
823,823,,,,,,,,,,,313,121,,,180,198
824,824,,,,,,,,,,,313,121,,,180,198
825,825,,,,,,,,,,,313,121,,,180,198
826,826,,,,,,,,,,,313,121,,,180,198
827,827,,,,,,,,,,,313,121,,,180,198
828,828,,,,,,,,,,,314,122,,,181,198
829,829,,,,,,,,,,,315,122,,,181,199
830,830,,,,,,,,,,,315,122,,,181,199
831,831,,,,,,,,,,,315,122,,,181,199
832,832,,,,,,,,,,,315,122,,,181,199
833,833,,,,,,,,,,,316,122,,,181,199
834,834,,,,,,,,,,,316,123,,,181,199
835,835,,,,,,,,,,,316,123,,,182,199
836,836,,,,,,,,,,,316,123,,,182,199
837,837,,,,,,,,,,,317,123,,,182,199
838,838,,,,,,,,,,,317,124,,,182,199
839,839,,,,,,,,,,,317,124,,,182,198
840,840,,,,,,,,,,,318,124,,,182,198
841,841,,,,,,,,,,,318,124,,,182,198
842,842,,,,,,,,,,,318,124,,,182,198
843,843,,,,,,,,,,,318,125,,,182,198
844,844,,,,,,,,,,,319,125,,,182,198
845,845,,,,,,,,,,,319,125,,,182,198
846,846,,,,,,,,,,,319,125,,,182,199
847,847,,,,,,,,,,,319,125,,,182,199
848,848,,,,,,,,,,,320,126,,,181,199
849,849,,,,,,,,,,,321,126,,,182,199
850,850,,,,,,,,,,,321,126,,,182,199
851,851,,,,,,,,,,,321,126,,,181,199
852,852,,,,,,,,,,,321,126,,,181,199
853,853,,,,,,,,,,,322,126,,,181,199
854,854,,,,,,,,,,,322,127,,,181,199
855,855,,,,,,,,,,,322,127,,,181,198
856,856,,,,,,,,,,,323,127,,,181,198
857,857,,,,,,,,,,,323,128,,,181,198
858,858,,,,,,,,,,,324,128,,,181,198
859,859,,,,,,,,,,,324,128,,,180,198
860,860,,,,,,,,,,,324,129,,,180,198
861,861,,,,,,,,,,,324,129,,,180,198
862,862,,,,,,,,,,,324,129,,,180,199
863,863,,,,,,,,,,,324,129,,,180,199
864,864,,,,,,,,,,,325,129,,,180,199
865,865,,,,,,,,,,,326,130,,,180,199
866,866,,,,,,,,,,,326,130,,,180,200
867,867,,,,,,,,,,,326,130,,,180,199
868,868,,,,,,,,,,,327,130,,,181,199
869,869,,,,,,,,,,,327,131,,,181,199
870,870,,,,,,,,,,,327,131,,,181,199
871,871,,,,,,,,,,,327,131,,,181,199
872,872,,,,,,,,,,,328,131,,,181,199
873,873,,,,,,,,,,,328,131,,,181,198
874,874,,,,,,,,,,,328,132,,,181,198
875,875,,,,,,,,,,,328,132,,,181,198
876,876,,,,,,,,,,,329,132,,,181,198
877,877,,,,,,,,,,,329,133,,,181,198
878,878,,,,,,,,,,,330,133,,,181,199
879,879,,,,,,,,,,,330,133,,,181,199
880,880,,,,,,,,,,,330,133,,,181,199
881,881,,,,,,,,,,,331,133,,,180,199
882,882,,,,,,,,,,,331,133,,,180,199
883,883,,,,,,,,,,,331,134,,,180,199
884,884,,,,,,,,,,,332,134,,,180,199
885,885,,,,,,,,,,,332,134,,,179,199
886,886,,,,,,,,,,,332,135,,,179,199
887,887,,,,,,,,,,,333,135,,,179,199
888,888,,,,,,,,,,,333,135,,,179,199
889,889,,,,,,,,,,,333,136,,,179,198
890,890,,,,,,,,,,,334,136,,,179,198
891,891,,,,,,,,,,,334,136,,,179,198
892,892,,,,,,,,,,,334,136,,,179,198
893,893,,,,,,,,,,,335,136,,,178,198
894,894,,,,,,,,,,,335,136,,,179,198
895,895,,,,,,,,,,,335,137,,,179,198
896,896,,,,,,,,,,,336,137,,,178,199
897,897,,,,,,,,,,,336,137,,,178,199
898,898,,,,,,,,,,,336,137,,,178,199
899,899,,,,,,,,,,,337,138,,,178,200
900,900,,,,,,,,,,,337,138,,,178,200
901,901,,,,,,,,,,,338,138,,,178,200
902,902,,,,,,,,,,,338,139,,,178,199
903,903,,,,,,,,,,,338,139,,,179,199
904,904,,,,,,,,,,,339,140,,,178,199
905,905,,,,,,,,,,,339,140,,,179,199
906,906,,,,,,,,,,,339,140,,,179,199
907,907,,,,,,,,,,,339,140,,,179,199
908,908,,,,,,,,,,,340,140,,,179,199
909,909,,,,,,,,,,,341,141,,,179,199
910,910,,,,,,,,,,,341,141,,,179,199
911,911,,,,,,,,,,,341,141,,,179,199
912,912,,,,,,,,,,,341,141,,,179,199
913,913,,,,,,,,,,,342,142,,,179,199
914,914,,,,,,,,,,,342,142,,,179,200
